{"cameraMode":{"drawMode":0,"name":"Shaded","section":"Shading Mode"},"sceneLighting":false,"audioPlay":false,"sceneViewState":{"showFog":true,"showMaterialUpdate":false,"showSkybox":false,"showFlares":true,"showImageEffects":true,"showParticleSystems":true},"in2DMode":false,"pivot":{"x":501.4048156738281,"y":448.9455261230469,"z":-289.452880859375},"rotation":{"x":0.06024046614766121,"y":0.032930634915828708,"z":-0.0019882479682564737,"w":0.9976452589035034},"size":22.0,"orthographic":false}